-- ============================================================
-- 初始化演示数据（本地联调 / 课程演示）
-- 执行顺序：schema.sql -> triggers.sql -> views.sql -> 本文件
-- ============================================================

SET NAMES utf8mb4;

-- ------------------------------------------------------------
-- 用户（登录手机号 + 密码）
-- 【演示说明】此处 password 存明文 123456，仅用于本地联调；正式环境请改为 BCrypt 等密文并由后端写入。
-- 后端接入 Spring Security 时，可用 BCryptPasswordEncoder 生成密文后 UPDATE 替换本列。
-- ------------------------------------------------------------
INSERT INTO t_user (id, phone, password, name, role, status) VALUES
(1, '13800138000', '123456', '店长演示', 'ADMIN', 1),
(2, '13900139000', '123456', '收银员演示', 'CASHIER', 1);

-- ------------------------------------------------------------
-- 原料（库存与安全库存）
-- ------------------------------------------------------------
INSERT INTO t_material (id, name, unit, stock_quantity, safety_stock, status) VALUES
(1, '红茶汤', 'ml', 5000.000, 500.000, 1),
(2, '牛奶', 'ml', 3000.000, 300.000, 1),
(3, '果糖', 'ml', 800.000, 100.000, 1),
(4, '珍珠', 'g', 2000.000, 200.000, 1),
(5, '咖啡豆', 'g', 1500.000, 150.000, 1),
-- 低库存示例：会触发 trg_material_low_stock_after_insert，便于验证工作台「库存预警」与 t_stock_warn
(6, '柠檬浓缩液', 'ml', 50.000, 200.000, 1);

-- ------------------------------------------------------------
-- 商品
-- ------------------------------------------------------------
INSERT INTO t_product (id, name, category, sale_price, status) VALUES
(1, '珍珠奶茶', '奶茶', 12.00, 1),
(2, '杨枝甘露', '果茶', 16.00, 1),
(3, '美式咖啡', '咖啡', 14.00, 1),
(4, '芝士奶盖茶', '奶茶', 15.00, 1);

-- ------------------------------------------------------------
-- 配方：每 1 份商品消耗原料（示例）
-- ------------------------------------------------------------
INSERT INTO t_product_material (product_id, material_id, consume_qty) VALUES
(1, 1, 200.000), (1, 2, 150.000), (1, 3, 20.000), (1, 4, 30.000),
(2, 1, 180.000), (2, 2, 120.000), (2, 3, 25.000),
(3, 5, 18.000),
(4, 1, 220.000), (4, 2, 140.000), (4, 3, 22.000);

-- ------------------------------------------------------------
-- 会员
-- ------------------------------------------------------------
INSERT INTO t_member (id, phone, name, level, balance, points, total_consume, status) VALUES
(1, '18800001111', '演示会员', 2, 100.00, 200, 580.00, 1);

-- 自增后续插入不冲突（可选）
-- ALTER TABLE t_user AUTO_INCREMENT = 100;

-- ------------------------------------------------------------
-- 可选：一条已完成销售订单 + 明细（便于工作台/报表立刻有数）
-- 订单号、时间可按需改
-- ------------------------------------------------------------
INSERT INTO t_sale_order (id, order_no, member_id, total_amount, discount_amount, pay_amount, pay_type, status, cashier_id, created_at) VALUES
(1, 'SO202604060001', 1, 28.00, 2.80, 25.20, 2, 1, 2, NOW() - INTERVAL 1 DAY);

INSERT INTO t_sale_order_item (sale_order_id, product_id, product_name, unit_price, quantity, subtotal) VALUES
(1, 1, '珍珠奶茶', 12.00, 1, 12.00),
(1, 2, '杨枝甘露', 16.00, 1, 16.00);

-- ------------------------------------------------------------
-- 可选：采购单（待入库），演示采购列表
-- ------------------------------------------------------------
INSERT INTO t_purchase_order (id, order_no, supplier_name, total_amount, status, operator_id, created_at) VALUES
(1, 'PO202604060001', '演示供应商', 199.00, 0, 1, NOW());

INSERT INTO t_purchase_order_item (purchase_order_id, material_id, quantity, unit_price, subtotal) VALUES
(1, 1, 50.000, 2.00, 100.00),
(1, 2, 30.000, 3.30, 99.00);
